daytime,time,mid
0.0,0.0,0.0
0.0,0.0,0.0
0.0,0.0,0.0
0.0,0.0,0.0
0.0,0.0,0.0
0.0,0.0,0.0
0.0,0.0,0.0
0.0,0.0,0.0
0.0,0.0,0.0
0.0,0.0,0.0
0.0,0.0,0.0
0.0,0.0,0.0
20170323.0,14500.0,110.993
20170323.0,14600.0,110.995
20170323.0,14700.0,110.999
20170323.0,14700.0,111.004
20170323.0,14900.0,110.965
20170323.0,15100.0,110.971
20170323.0,15200.0,110.988
20170323.0,15300.0,110.992
20170323.0,15300.0,110.977
20170323.0,20000.0,111.02
20170323.0,20100.0,111.005
20170323.0,22200.0,111.033
20170323.0,213300.0,110.872
20170323.0,213900.0,110.919
20170323.0,222800.0,110.704
20170323.0,234700.0,111.076
20170324.0,4200.0,111.201
20170324.0,4900.0,111.202
20170324.0,4900.0,111.201
20170326.0,10800.0,111.32
20170326.0,11800.0,111.32
20170326.0,220300.0,111.32
20170327.0,220000.0,110.158
20170327.0,220500.0,110.167
20170327.0,221000.0,110.15
20170327.0,221500.0,110.202
20170327.0,222000.0,110.166
20170327.0,222500.0,110.2
20170327.0,223000.0,110.141
20170327.0,223500.0,110.257
20170327.0,224000.0,110.216
20170327.0,224500.0,110.253
20170327.0,225000.0,110.334
20170327.0,233400.0,110.353
20170327.0,233500.0,110.362
20170327.0,233600.0,110.367
20170327.0,233800.0,110.38
20170327.0,234000.0,110.35
20170327.0,234000.0,110.35
20170327.0,234500.0,110.434
20170327.0,235000.0,110.447
20170327.0,235500.0,110.397
20170328.0,0.0,110.451
20170328.0,500.0,110.411
20170328.0,1000.0,110.367
20170328.0,1500.0,110.409
20170328.0,2000.0,110.391
20170328.0,2500.0,110.462
20170328.0,3000.0,110.531
20170328.0,3500.0,110.543
20170328.0,4000.0,110.527
20170328.0,4500.0,110.469
20170328.0,5000.0,110.477
20170328.0,5500.0,110.439
20170328.0,10000.0,110.474
20170328.0,10500.0,110.517
20170328.0,11000.0,110.516
20170328.0,11500.0,110.514
20170328.0,12000.0,110.518
20170328.0,12500.0,110.527
20170328.0,13000.0,110.48
20170328.0,13500.0,110.512
20170328.0,14000.0,110.442
20170328.0,14500.0,110.474
20170328.0,15000.0,110.502
20170328.0,15500.0,110.572
20170328.0,20000.0,110.577
20170328.0,20500.0,110.635
20170328.0,21000.0,110.612
20170328.0,21500.0,110.606
20170328.0,22000.0,110.575
20170328.0,22700.0,110.545
20170328.0,23400.0,110.539
20170328.0,23700.0,110.553
20170328.0,24200.0,110.553
20170328.0,24500.0,110.543
20170328.0,24700.0,110.541
20170328.0,24800.0,110.547
20170328.0,25000.0,110.526
20170328.0,25500.0,110.57
20170328.0,30000.0,110.549
20170328.0,30500.0,110.563
20170328.0,31000.0,110.591
20170328.0,31500.0,110.541
20170328.0,32000.0,110.481
20170328.0,32500.0,110.494
20170328.0,33000.0,110.506
20170328.0,33500.0,110.523
20170328.0,34000.0,110.526
20170328.0,34500.0,110.529
20170328.0,35000.0,110.559
20170328.0,35500.0,110.531
20170328.0,40000.0,110.563
20170328.0,40500.0,110.586
20170328.0,41000.0,110.587
20170328.0,41500.0,110.622
20170328.0,42000.0,110.63
20170328.0,42500.0,110.627
20170328.0,43000.0,110.607
20170328.0,43500.0,110.604
20170328.0,44000.0,110.624
20170328.0,44500.0,110.641
20170328.0,45000.0,110.612
20170328.0,45500.0,110.592
20170328.0,50000.0,110.617
20170328.0,50500.0,110.663
20170328.0,51000.0,110.678
20170328.0,51500.0,110.669
20170328.0,52000.0,110.658
20170328.0,52500.0,110.639
20170328.0,53000.0,110.64
20170328.0,53500.0,110.628
20170328.0,54000.0,110.633
20170328.0,54500.0,110.646
20170328.0,55000.0,110.643
20170328.0,55500.0,110.639
20170328.0,60000.0,110.669
20170328.0,60500.0,110.667
20170328.0,61000.0,110.66
20170328.0,61500.0,110.635
20170328.0,62000.0,110.596
20170328.0,62500.0,110.6
20170328.0,63000.0,110.587
20170328.0,63500.0,110.629
20170328.0,64000.0,110.641
20170328.0,64500.0,110.619
20170328.0,65000.0,110.636
20170328.0,65500.0,110.627
20170328.0,70000.0,110.636
20170328.0,70500.0,110.652
20170328.0,71000.0,110.657
20170328.0,71500.0,110.677
20170328.0,72000.0,110.672
20170328.0,72500.0,110.672
20170328.0,73000.0,110.65
20170328.0,73500.0,110.635
20170328.0,74000.0,110.629
20170328.0,74500.0,110.603
20170328.0,75000.0,110.598
20170328.0,75500.0,110.622
20170328.0,80000.0,110.627
20170328.0,80500.0,110.664
20170328.0,81000.0,110.648
20170328.0,81500.0,110.679
20170328.0,82000.0,110.696
20170328.0,82500.0,110.699
20170328.0,83000.0,110.73
20170328.0,83500.0,110.816
20170328.0,84000.0,110.79
20170328.0,84500.0,110.774
20170328.0,85000.0,110.769
20170328.0,85500.0,110.788
20170328.0,90000.0,110.757
20170328.0,90500.0,110.737
20170328.0,91000.0,110.755
20170328.0,91500.0,110.772
20170328.0,92000.0,110.727
20170328.0,92500.0,110.725
20170328.0,93000.0,110.741
20170328.0,93500.0,110.785
20170328.0,94000.0,110.792
20170328.0,94500.0,110.811
20170328.0,95000.0,110.781
20170328.0,95500.0,110.718
20170328.0,100000.0,110.667
20170328.0,100500.0,110.616
20170328.0,101000.0,110.635
20170328.0,101500.0,110.6
20170328.0,102000.0,110.582
20170328.0,102500.0,110.588
20170328.0,103000.0,110.607
20170328.0,103500.0,110.619
20170328.0,104000.0,110.675
20170328.0,104500.0,110.643
20170328.0,105000.0,110.587
20170328.0,105500.0,110.621
20170328.0,110000.0,110.611
20170328.0,110500.0,110.611
20170328.0,111000.0,110.663
20170328.0,111500.0,110.642
20170328.0,112000.0,110.651
20170328.0,112500.0,110.651
20170328.0,113000.0,110.666
20170328.0,113500.0,110.647
20170328.0,114000.0,110.628
20170328.0,114500.0,110.598
20170328.0,115000.0,110.615
20170328.0,115500.0,110.64
20170328.0,120000.0,110.645
20170328.0,120500.0,110.612
20170328.0,121000.0,110.612
20170328.0,121500.0,110.603
20170328.0,122000.0,110.607
20170328.0,122500.0,110.573
20170328.0,123000.0,110.561
20170328.0,123500.0,110.551
20170328.0,124000.0,110.562
20170328.0,124500.0,110.56
20170328.0,125000.0,110.567
20170328.0,125500.0,110.587
20170328.0,130000.0,110.596
20170328.0,130500.0,110.6
20170328.0,131000.0,110.583
20170328.0,131500.0,110.588
20170328.0,132000.0,110.575
20170328.0,132500.0,110.528
20170328.0,133000.0,110.531
20170328.0,133500.0,110.55
20170328.0,134000.0,110.587
20170328.0,134500.0,110.585
20170328.0,135000.0,110.572
20170328.0,135500.0,110.564
20170328.0,140000.0,110.573
20170328.0,140500.0,110.566
20170328.0,141000.0,110.572
20170328.0,141500.0,110.56
20170328.0,142000.0,110.564
20170328.0,142500.0,110.581
20170328.0,143000.0,110.576
20170328.0,143500.0,110.581
20170328.0,144000.0,110.603
20170328.0,144500.0,110.61
20170328.0,145000.0,110.611
20170328.0,145500.0,110.627
20170328.0,150000.0,110.637
20170328.0,150500.0,110.66
20170328.0,151000.0,110.72
20170328.0,151500.0,110.682
20170328.0,152000.0,110.671
20170328.0,152500.0,110.66
20170328.0,153000.0,110.679
20170328.0,153500.0,110.654
20170328.0,154000.0,110.651
20170328.0,155000.0,110.717
20170328.0,155500.0,110.719
20170328.0,160000.0,110.716
20170328.0,160500.0,110.69
20170328.0,161000.0,110.648
20170328.0,161500.0,110.543
20170328.0,162000.0,110.57
20170328.0,162500.0,110.601
20170328.0,163000.0,110.624
20170328.0,163500.0,110.619
20170328.0,164000.0,110.662
20170328.0,164500.0,110.675
20170328.0,165000.0,110.728
20170328.0,165500.0,110.709
20170328.0,170000.0,110.688
20170328.0,170500.0,110.684
20170328.0,171000.0,110.66
20170328.0,171500.0,110.647
20170328.0,172000.0,110.638
20170328.0,172500.0,110.656
20170328.0,173000.0,110.657
20170328.0,173500.0,110.651
20170328.0,174000.0,110.696
20170328.0,174500.0,110.695
20170328.0,175000.0,110.699
20170328.0,175500.0,110.704
20170328.0,180000.0,110.686
20170328.0,180500.0,110.653
20170328.0,181000.0,110.662
20170328.0,181500.0,110.641
20170328.0,182000.0,110.651
20170328.0,182500.0,110.657
20170328.0,183000.0,110.644
20170328.0,183500.0,110.662
20170328.0,184000.0,110.691
20170328.0,184500.0,110.686
20170328.0,185000.0,110.674
20170328.0,185500.0,110.701
20170328.0,190000.0,110.707
20170328.0,190500.0,110.683
20170328.0,191000.0,110.668
20170328.0,191500.0,110.68
20170328.0,192000.0,110.64
20170328.0,192500.0,110.635
20170328.0,193000.0,110.617
20170328.0,193500.0,110.612
20170328.0,194000.0,110.618
20170328.0,194500.0,110.594
20170328.0,195000.0,110.588
20170328.0,195500.0,110.601
20170328.0,200000.0,110.576
20170328.0,200500.0,110.518
20170328.0,201000.0,110.581
20170328.0,201500.0,110.518
20170328.0,202000.0,110.531
20170328.0,202500.0,110.47
20170328.0,203000.0,110.478
20170328.0,203500.0,110.47
20170328.0,204000.0,110.396
20170328.0,204500.0,110.405
20170328.0,205000.0,110.423
20170328.0,205500.0,110.406
20170328.0,210000.0,110.445
20170328.0,210500.0,110.408
20170328.0,211000.0,110.336
20170328.0,211500.0,110.36
20170328.0,212000.0,110.283
20170328.0,212500.0,110.25
20170328.0,213000.0,110.282
20170328.0,213500.0,110.288
20170328.0,214000.0,110.271
20170328.0,214500.0,110.282
20170328.0,215000.0,110.297
20170328.0,215500.0,110.286
20170328.0,220000.0,110.322
20170328.0,220500.0,110.308
20170328.0,221000.0,110.229
20170328.0,221500.0,110.273
20170328.0,222000.0,110.293
20170328.0,222500.0,110.297
20170328.0,223000.0,110.278
20170328.0,223500.0,110.33
20170328.0,224000.0,110.342
20170328.0,224500.0,110.273
20170328.0,225000.0,110.249
20170328.0,225500.0,110.236
20170328.0,230000.0,110.315
20170328.0,230500.0,110.371
20170328.0,231000.0,110.41
20170328.0,231500.0,110.358
20170328.0,232000.0,110.335
20170328.0,232500.0,110.237
20170328.0,233000.0,110.298
20170328.0,233800.0,110.262
20170328.0,234000.0,110.247
20170328.0,234500.0,110.29
20170328.0,235000.0,110.302
20170328.0,235500.0,110.282
20170329.0,0.0,110.253
20170329.0,500.0,110.332
20170329.0,1000.0,110.389
20170329.0,1500.0,110.428
20170329.0,2000.0,110.381
20170329.0,2500.0,110.393
20170329.0,3000.0,110.386
20170329.0,3500.0,110.427
20170329.0,4000.0,110.457
20170329.0,4500.0,110.445
20170329.0,5000.0,110.537
20170329.0,5500.0,110.533
20170329.0,10000.0,110.57
20170329.0,10500.0,110.553
20170329.0,11000.0,110.582
20170329.0,11500.0,110.649
20170329.0,12000.0,110.621
20170329.0,12500.0,110.656
20170329.0,13000.0,110.622
20170329.0,13500.0,110.604
20170329.0,14000.0,110.6
20170329.0,14500.0,110.605
20170329.0,15000.0,110.612
20170329.0,15500.0,110.615
20170329.0,20000.0,110.657
20170329.0,20500.0,110.673
20170329.0,21000.0,110.69
20170329.0,21500.0,110.721
20170329.0,22000.0,110.73
20170329.0,22500.0,110.684
20170329.0,23000.0,110.734
20170329.0,23500.0,110.735
20170329.0,24000.0,110.827
20170329.0,24500.0,110.795
20170329.0,25000.0,110.841
20170329.0,25500.0,110.918
20170329.0,30000.0,110.991
20170329.0,30500.0,111.0
20170329.0,31000.0,111.082
20170329.0,31500.0,111.126
20170329.0,32000.0,111.076
20170329.0,32500.0,111.155
20170329.0,33000.0,111.186
20170329.0,33500.0,111.091
20170329.0,34000.0,111.089
20170329.0,34500.0,111.12
20170329.0,35000.0,111.1
20170329.0,35500.0,111.138
20170329.0,40000.0,111.091
20170329.0,40500.0,111.123
20170329.0,41000.0,111.106
20170329.0,41500.0,111.111
20170329.0,42000.0,111.091
20170329.0,42500.0,111.129
20170329.0,43000.0,111.169
20170329.0,43500.0,111.163
20170329.0,44000.0,111.183
20170329.0,44500.0,111.163
20170329.0,45000.0,111.153
20170329.0,45500.0,111.145
20170329.0,50000.0,111.106
20170329.0,50500.0,111.11
20170329.0,51000.0,111.116
20170329.0,51500.0,111.094
20170329.0,52000.0,111.092
20170329.0,52500.0,111.101
20170329.0,53000.0,111.095
20170329.0,53500.0,111.108
20170329.0,54000.0,111.142
20170329.0,54500.0,111.147
20170329.0,55000.0,111.169
20170329.0,55500.0,111.184
20170329.0,60000.0,111.141
20170329.0,60500.0,111.161
20170329.0,61000.0,111.128
20170329.0,61500.0,111.106
20170329.0,62000.0,111.103
20170329.0,62500.0,111.084
20170329.0,63000.0,111.085
20170329.0,63500.0,111.088
20170329.0,64000.0,111.088
20170329.0,64500.0,111.078
20170329.0,65000.0,111.063
20170329.0,65500.0,111.055
20170329.0,70000.0,111.072
20170329.0,70500.0,111.104
20170329.0,71000.0,111.105
20170329.0,71500.0,111.079
20170329.0,72000.0,111.07
20170329.0,72500.0,111.066
20170329.0,73000.0,111.071
20170329.0,73500.0,111.109
20170329.0,74000.0,111.121
20170329.0,74500.0,111.136
20170329.0,75000.0,111.127
20170329.0,75500.0,111.119
20170329.0,80000.0,111.128
20170329.0,80500.0,111.165
20170329.0,81000.0,111.2
20170329.0,81500.0,111.191
20170329.0,82000.0,111.197
20170329.0,82500.0,111.174
20170329.0,83000.0,111.17
20170329.0,83500.0,111.192
20170329.0,84000.0,111.179
20170329.0,84500.0,111.179
20170329.0,85000.0,111.198
20170329.0,85500.0,111.22
20170329.0,90000.0,111.226
20170329.0,90500.0,111.236
20170329.0,91000.0,111.19
20170329.0,91500.0,111.153
20170329.0,92000.0,111.195
20170329.0,92500.0,111.214
20170329.0,93000.0,111.195
20170329.0,93500.0,111.113
20170329.0,94000.0,111.083
20170329.0,94500.0,111.115
20170329.0,95000.0,111.074
20170329.0,95500.0,111.08
20170329.0,100000.0,111.113
20170329.0,100500.0,111.19
20170329.0,101000.0,111.184
20170329.0,101500.0,111.154
20170329.0,102000.0,111.142
20170329.0,102500.0,111.122
20170329.0,103000.0,111.131
20170329.0,103500.0,111.133
20170329.0,104000.0,111.144
20170329.0,104500.0,111.158
20170329.0,105000.0,111.163
20170329.0,105500.0,111.242
20170329.0,110000.0,111.29
20170329.0,110500.0,111.29
20170329.0,111000.0,111.251
20170329.0,111500.0,111.27
20170329.0,112000.0,111.262
20170329.0,112500.0,111.245
20170329.0,113000.0,111.251
20170329.0,113500.0,111.238
20170329.0,114000.0,111.248
20170329.0,114500.0,111.259
20170329.0,115000.0,111.254
20170329.0,115500.0,111.251
20170329.0,120000.0,111.24
20170329.0,120500.0,111.238
20170329.0,121000.0,111.258
20170329.0,121500.0,111.25
20170329.0,122000.0,111.264
20170329.0,122500.0,111.268
20170329.0,123000.0,111.3
20170329.0,123500.0,111.238
20170329.0,124000.0,111.196
20170329.0,124500.0,111.207
20170329.0,125000.0,111.231
20170329.0,125500.0,111.237
20170329.0,130000.0,111.227
20170329.0,130500.0,111.237
20170329.0,131000.0,111.225
20170329.0,131500.0,111.223
20170329.0,132000.0,111.206
20170329.0,132500.0,111.185
20170329.0,133000.0,111.196
20170329.0,133500.0,111.178
20170329.0,134000.0,111.169
20170329.0,134500.0,111.181
20170329.0,135000.0,111.18
20170329.0,135500.0,111.169
20170329.0,140000.0,111.169
20170329.0,140500.0,111.204
20170329.0,141000.0,111.192
20170329.0,141500.0,111.206
20170329.0,142000.0,111.204
20170329.0,142500.0,111.218
20170329.0,143000.0,111.208
20170329.0,143500.0,111.184
20170329.0,144000.0,111.163
20170329.0,144500.0,111.146
20170329.0,145000.0,111.134
20170329.0,145500.0,111.121
20170329.0,150000.0,111.148
20170329.0,150500.0,111.136
20170329.0,151000.0,111.21
20170329.0,151500.0,111.198
20170329.0,152000.0,111.225
20170329.0,152500.0,111.188
20170329.0,153000.0,111.139
20170329.0,153500.0,111.195
20170329.0,154000.0,111.194
20170329.0,154500.0,111.207
20170329.0,155000.0,111.187
20170329.0,155500.0,111.198
20170329.0,160000.0,111.157
20170329.0,160500.0,111.112
20170329.0,161000.0,111.13
20170329.0,161500.0,111.129
20170329.0,162000.0,111.151
20170329.0,162500.0,111.17
20170329.0,163000.0,111.132
20170329.0,163500.0,111.097
20170329.0,164000.0,111.041
20170329.0,164500.0,111.092
20170329.0,165000.0,111.112
20170329.0,165500.0,111.098
20170329.0,170000.0,111.1
20170329.0,170500.0,111.07
20170329.0,171000.0,111.136
20170329.0,171500.0,111.201
20170329.0,172000.0,111.184
20170329.0,172500.0,111.134
20170329.0,173000.0,111.103
20170329.0,173500.0,111.125
20170329.0,174000.0,111.119
20170329.0,174500.0,111.092
20170329.0,175000.0,110.977
20170329.0,175500.0,110.985
20170329.0,180000.0,110.962
20170329.0,180500.0,111.005
20170329.0,181000.0,111.035
20170329.0,181500.0,111.034
20170329.0,182000.0,111.024
20170329.0,182500.0,110.962
20170329.0,183000.0,110.956
20170329.0,183500.0,111.0
20170329.0,184000.0,110.973
20170329.0,184500.0,110.944
20170329.0,185000.0,110.994
20170329.0,185500.0,111.013
20170329.0,190000.0,111.032
20170329.0,190500.0,111.006
20170329.0,191000.0,110.961
20170329.0,191500.0,110.975
20170329.0,192000.0,110.964
20170329.0,192500.0,110.975
20170329.0,193000.0,111.008
20170329.0,193500.0,111.029
20170329.0,194000.0,111.02
20170329.0,194500.0,111.036
20170329.0,195000.0,111.031
20170329.0,195500.0,111.04
20170329.0,200000.0,111.014
20170329.0,200500.0,110.97
20170329.0,201000.0,110.97
20170329.0,201500.0,110.97
20170329.0,202000.0,110.918
20170329.0,202500.0,110.882
20170329.0,203000.0,110.901
20170329.0,203500.0,110.875
20170329.0,204000.0,110.912
20170329.0,204500.0,110.914
20170329.0,205000.0,110.923
20170329.0,205500.0,110.771
20170329.0,210000.0,110.828
20170329.0,210500.0,110.782
20170329.0,211000.0,110.9
20170329.0,211500.0,110.879
20170329.0,212000.0,110.91
20170329.0,212500.0,110.886
20170329.0,213000.0,110.944
20170329.0,213500.0,110.916
20170329.0,214000.0,110.866
20170329.0,214500.0,110.841
20170329.0,215000.0,110.802
20170329.0,215500.0,110.815
20170329.0,220000.0,110.851
20170329.0,220500.0,110.873
20170329.0,221000.0,110.888
20170329.0,221500.0,110.939
20170329.0,222000.0,110.984
20170329.0,222500.0,110.95
20170329.0,223000.0,110.93
20170329.0,223500.0,110.845
20170329.0,224000.0,110.861
20170329.0,224500.0,110.853
20170329.0,225000.0,110.805
20170329.0,225500.0,110.844
20170329.0,230000.0,110.899
20170329.0,230500.0,110.891
20170329.0,231000.0,110.92
20170329.0,231500.0,110.969
20170329.0,232000.0,110.937
20170329.0,232500.0,110.854
20170329.0,233000.0,110.882
20170329.0,233500.0,110.955
20170329.0,234000.0,110.949
20170329.0,234500.0,110.951
20170329.0,235000.0,111.065
20170329.0,235500.0,111.058
20170330.0,0.0,111.014
20170330.0,500.0,110.976
20170330.0,1000.0,110.956
20170330.0,1500.0,110.958
20170330.0,2000.0,110.917
20170330.0,2500.0,110.954
20170330.0,3000.0,110.933
20170330.0,3500.0,110.995
20170330.0,4000.0,111.039
20170330.0,4500.0,111.076
20170330.0,5000.0,111.098
20170330.0,5500.0,111.059
20170330.0,10000.0,111.052
20170330.0,10500.0,111.048
20170330.0,11000.0,111.08
20170330.0,11600.0,111.096
20170330.0,12500.0,111.135
20170330.0,12600.0,111.132
20170330.0,12700.0,111.127
20170330.0,13000.0,111.139
20170330.0,13500.0,111.099
20170330.0,14000.0,111.083
20170330.0,14500.0,111.08
20170330.0,15000.0,111.031
20170330.0,15500.0,111.046
20170330.0,20000.0,111.039
20170330.0,20500.0,111.049
20170330.0,21000.0,111.026
20170330.0,21500.0,111.021
20170330.0,22000.0,111.036
20170330.0,22500.0,110.972
20170330.0,23000.0,111.003
20170330.0,23500.0,111.037
20170330.0,24000.0,111.012
20170330.0,24500.0,111.027
20170330.0,25000.0,111.006
20170330.0,25500.0,111.027
20170330.0,30000.0,111.096
20170330.0,30500.0,111.111
20170330.0,31000.0,111.1
20170330.0,31500.0,111.106
20170330.0,32000.0,111.115
20170330.0,32500.0,111.126
20170330.0,33000.0,111.127
20170330.0,33500.0,111.106
20170330.0,34000.0,111.082
20170330.0,34500.0,111.069
20170330.0,35000.0,111.078
20170330.0,35500.0,111.064
20170330.0,40000.0,111.051
20170330.0,40500.0,111.028
20170330.0,41000.0,111.029
20170330.0,41500.0,111.016
20170330.0,42000.0,110.952
20170330.0,42500.0,110.977
20170330.0,43000.0,111.012
20170330.0,43500.0,111.04
20170330.0,44000.0,111.008
20170330.0,44500.0,110.954
20170330.0,45000.0,110.944
20170330.0,45500.0,110.95
20170330.0,50000.0,110.972
20170330.0,50500.0,111.027
20170330.0,51000.0,111.025
20170330.0,51500.0,111.038
20170330.0,52000.0,111.032
20170330.0,52500.0,111.034
20170330.0,53000.0,111.019
20170330.0,53500.0,111.022
20170330.0,54000.0,111.021
20170330.0,54500.0,111.017
20170330.0,55000.0,111.015
20170330.0,55500.0,111.035
20170330.0,60000.0,111.048
20170330.0,60500.0,111.019
20170330.0,61000.0,111.006
20170330.0,61500.0,111.008
20170330.0,62000.0,111.038
20170330.0,62500.0,111.022
20170330.0,63000.0,111.032
20170330.0,63500.0,111.037
20170330.0,64000.0,111.024
20170330.0,64500.0,111.031
20170330.0,65000.0,111.039
20170330.0,65500.0,111.019
20170330.0,70000.0,111.02
20170330.0,70500.0,111.024
20170330.0,71000.0,111.029
20170330.0,71500.0,111.051
20170330.0,72000.0,111.085
20170330.0,72500.0,111.1
20170330.0,73000.0,111.061
20170330.0,73500.0,111.045
20170330.0,74000.0,111.037
20170330.0,74500.0,111.022
20170330.0,75000.0,111.091
20170330.0,75500.0,111.1
20170330.0,80000.0,111.102
20170330.0,80500.0,111.12
20170330.0,81000.0,111.118
20170330.0,81500.0,111.107
20170330.0,82000.0,111.115
20170330.0,82500.0,111.104
20170330.0,83000.0,111.052
20170330.0,83500.0,111.081
20170330.0,84000.0,111.114
20170330.0,84500.0,111.104
20170330.0,85000.0,111.112
20170330.0,85500.0,111.114
20170330.0,90000.0,111.141
20170330.0,90500.0,111.178
20170330.0,91000.0,111.216
20170330.0,91500.0,111.236
20170330.0,92000.0,111.269
20170330.0,92500.0,111.243
20170330.0,93000.0,111.221
20170330.0,93500.0,111.235
20170330.0,94000.0,111.234
20170330.0,94500.0,111.184
20170330.0,95000.0,111.197
20170330.0,95500.0,111.331
20170330.0,100000.0,111.353
20170330.0,100500.0,111.417
20170330.0,101000.0,111.369
20170330.0,101500.0,111.379
20170330.0,102000.0,111.362
20170330.0,102500.0,111.381
20170330.0,103000.0,111.39
20170330.0,103500.0,111.392
20170330.0,104000.0,111.4
20170330.0,104500.0,111.376
20170330.0,105000.0,111.35
20170330.0,105500.0,111.394
20170330.0,110000.0,111.392
20170330.0,110500.0,111.385
20170330.0,111000.0,111.368
20170330.0,111500.0,111.369
20170330.0,112000.0,111.381
20170330.0,112500.0,111.388
20170330.0,113000.0,111.352
20170330.0,113500.0,111.313
20170330.0,114000.0,111.312
20170330.0,114500.0,111.326
20170330.0,115000.0,111.328
20170330.0,115500.0,111.319
20170330.0,120000.0,111.313
20170330.0,120500.0,111.321
20170330.0,121000.0,111.334
20170330.0,121500.0,111.311
20170330.0,122000.0,111.301
20170330.0,122500.0,111.259
20170330.0,123000.0,111.27
20170330.0,123500.0,111.284
20170330.0,124000.0,111.301
20170330.0,124500.0,111.276
20170330.0,125000.0,111.264
20170330.0,125500.0,111.257
20170330.0,130000.0,111.266
20170330.0,130500.0,111.246
20170330.0,131000.0,111.24
20170330.0,131500.0,111.257
20170330.0,132000.0,111.271
20170330.0,132500.0,111.251
20170330.0,133000.0,111.228
20170330.0,133500.0,111.233
20170330.0,134000.0,111.278
20170330.0,134500.0,111.305
20170330.0,135000.0,111.3
20170330.0,135500.0,111.267
20170330.0,140000.0,111.284
20170330.0,140500.0,111.244
20170330.0,141000.0,111.212
20170330.0,141500.0,111.17
20170330.0,142000.0,111.172
20170330.0,142500.0,111.159
20170330.0,143000.0,111.162
20170330.0,143500.0,111.115
20170330.0,144000.0,111.143
20170330.0,144500.0,111.167
20170330.0,145000.0,111.16
20170330.0,145500.0,111.192
20170330.0,150000.0,111.194
20170330.0,150500.0,111.15
20170330.0,151000.0,111.169
20170330.0,151500.0,111.157
20170330.0,152000.0,111.135
20170330.0,152500.0,111.133
20170330.0,153000.0,111.151
20170330.0,153500.0,111.132
20170330.0,154000.0,111.137
20170330.0,154500.0,111.07
20170330.0,155000.0,111.101
20170330.0,155500.0,111.062
20170330.0,160000.0,111.096
20170330.0,160500.0,111.052
20170330.0,161000.0,110.995
20170330.0,161500.0,111.018
20170330.0,162000.0,110.966
20170330.0,162500.0,111.029
20170330.0,163000.0,110.986
20170330.0,163500.0,111.031
20170330.0,164000.0,111.041
20170330.0,164500.0,111.027
20170330.0,165000.0,111.074
20170330.0,165500.0,111.038
20170330.0,170000.0,111.073
20170330.0,170500.0,111.048
20170330.0,171000.0,111.062
20170330.0,171500.0,111.124
20170330.0,172000.0,111.12
20170330.0,172500.0,111.117
20170330.0,173000.0,111.138
20170330.0,173500.0,111.092
20170330.0,174000.0,111.08
20170330.0,174500.0,111.064
20170330.0,175000.0,111.071
20170330.0,175500.0,111.057
20170330.0,180000.0,111.046
20170330.0,180500.0,111.047
20170330.0,181000.0,111.11
20170330.0,181500.0,111.079
20170330.0,182000.0,111.058
20170330.0,182500.0,111.073
20170330.0,183000.0,111.098
20170330.0,183500.0,111.266
20170330.0,184000.0,111.228
20170330.0,184500.0,111.241
20170330.0,185000.0,111.24
20170330.0,185500.0,111.199
20170330.0,190000.0,111.221
20170330.0,190500.0,111.224
20170330.0,191000.0,111.175
20170330.0,191500.0,111.169
20170330.0,192000.0,111.192
20170330.0,192500.0,111.169
20170330.0,193000.0,111.111
20170330.0,193500.0,111.097
20170330.0,194000.0,111.088
20170330.0,194500.0,111.103
20170330.0,195000.0,111.119
20170330.0,195500.0,111.131
20170330.0,200000.0,111.142
20170330.0,200500.0,111.071
20170330.0,201000.0,111.091
20170330.0,201500.0,111.111
20170330.0,202000.0,111.11
20170330.0,202500.0,111.147
20170330.0,203000.0,111.1
20170330.0,203500.0,111.089
20170330.0,204000.0,111.109
20170330.0,204500.0,111.133
20170330.0,205000.0,111.142
20170330.0,205500.0,111.168
20170330.0,210000.0,111.162
20170330.0,210500.0,111.18
20170330.0,211000.0,111.187
20170330.0,211500.0,111.203
20170330.0,212000.0,111.206
20170330.0,212500.0,111.22
20170330.0,213600.0,111.279
20170330.0,214000.0,111.335
20170330.0,214700.0,111.364
20170330.0,215000.0,111.344
20170330.0,215500.0,111.343
20170330.0,220000.0,111.363
20170330.0,220500.0,111.292
20170330.0,221000.0,111.275
20170330.0,221500.0,111.411
20170330.0,222000.0,111.493
20170330.0,222500.0,111.438
20170330.0,223000.0,111.089
20170330.0,223500.0,111.12
20170330.0,224000.0,111.132
20170330.0,224500.0,111.174
20170330.0,225000.0,111.189
20170330.0,230100.0,111.256
20170330.0,230200.0,111.232
20170330.0,230200.0,111.229
20170330.0,230400.0,111.262
20170330.0,230600.0,111.285
20170330.0,230800.0,111.274
20170330.0,230800.0,111.27
20170330.0,231000.0,111.272
20170330.0,231300.0,111.268
20170330.0,233500.0,111.325
20170330.0,233600.0,111.335
20170330.0,234000.0,111.249
20170330.0,234000.0,111.242
20170331.0,2500.0,111.343
20170331.0,2700.0,111.339
20170331.0,3000.0,111.356
20170331.0,3200.0,111.392
20170331.0,4000.0,111.368
20170331.0,4500.0,111.306
20170331.0,5000.0,111.32
20170331.0,5500.0,111.335
20170331.0,10000.0,111.37
20170331.0,10500.0,111.351
20170331.0,11000.0,111.417
20170331.0,11500.0,111.361
20170331.0,12000.0,111.362
20170331.0,12500.0,111.32
20170331.0,13000.0,111.336
20170331.0,13500.0,111.32
20170331.0,14000.0,111.265
20170331.0,14500.0,111.278
20170331.0,15000.0,111.272
20170331.0,15500.0,111.306
20170331.0,20000.0,111.39
20170331.0,20500.0,111.405
20170331.0,21000.0,111.403
20170331.0,21500.0,111.454
20170331.0,22000.0,111.432
20170331.0,22500.0,111.428
20170331.0,23000.0,111.412
20170331.0,23500.0,111.458
20170331.0,24000.0,111.426
20170331.0,24500.0,111.467
20170331.0,25000.0,111.501
20170331.0,25500.0,111.456
20170331.0,30000.0,111.445
20170331.0,30500.0,111.457
20170331.0,31000.0,111.459
20170331.0,31500.0,111.458
20170331.0,32000.0,111.487
20170331.0,32500.0,111.6
20170331.0,33000.0,111.559
20170331.0,33500.0,111.558
20170331.0,34000.0,111.579
20170331.0,34500.0,111.574
20170331.0,35000.0,111.623
20170331.0,35500.0,111.584
20170331.0,40000.0,111.6
20170331.0,40500.0,111.591
20170331.0,41000.0,111.609
20170331.0,41500.0,111.618
20170331.0,42000.0,111.607
20170331.0,42500.0,111.682
20170331.0,43000.0,111.739
20170331.0,43500.0,111.728
20170331.0,44000.0,111.827
20170331.0,44500.0,111.779
20170331.0,45000.0,111.758
20170331.0,45500.0,111.768
20170331.0,50000.0,111.795
20170331.0,50500.0,111.773
20170331.0,51000.0,111.766
20170331.0,51500.0,111.791
20170331.0,52000.0,111.791
20170331.0,52500.0,111.787
20170331.0,53000.0,111.83
20170331.0,53500.0,111.893
20170331.0,54000.0,111.848
20170331.0,54500.0,111.899
20170331.0,55000.0,111.922
20170331.0,55500.0,111.934
20170331.0,60000.0,111.92
20170331.0,60500.0,111.894
20170331.0,61000.0,111.845
20170331.0,61500.0,111.841
20170331.0,62000.0,111.839
20170331.0,62500.0,111.835
20170331.0,63000.0,111.851
20170331.0,63500.0,111.852
20170331.0,64000.0,111.854
20170331.0,64500.0,111.85
20170331.0,65000.0,111.858
20170331.0,65500.0,111.862
20170331.0,70000.0,111.838
20170331.0,70500.0,111.828
20170331.0,71000.0,111.815
20170331.0,71500.0,111.783
20170331.0,72000.0,111.781
20170331.0,72500.0,111.796
20170331.0,73000.0,111.8
20170331.0,73500.0,111.788
20170331.0,74000.0,111.814
20170331.0,74500.0,111.827
20170331.0,75000.0,111.808
20170331.0,75500.0,111.806
20170331.0,80000.0,111.825
20170331.0,80500.0,111.793
20170331.0,81000.0,111.774
20170331.0,81500.0,111.777
20170331.0,82000.0,111.784
20170331.0,82500.0,111.751
20170331.0,83000.0,111.726
20170331.0,83500.0,111.727
20170331.0,84000.0,111.724
20170331.0,84500.0,111.78
20170331.0,85000.0,111.783
20170331.0,85500.0,111.805
20170331.0,90000.0,111.74
20170331.0,90500.0,111.839
20170331.0,91000.0,111.845
20170331.0,91500.0,111.785
20170331.0,92000.0,111.777
20170331.0,92500.0,111.814
20170331.0,93000.0,111.822
20170331.0,93500.0,111.919
20170331.0,94000.0,111.904
20170331.0,94500.0,111.921
20170331.0,95000.0,111.92
20170331.0,95500.0,112.157
20170331.0,100000.0,112.117
20170331.0,100500.0,112.082
20170331.0,101000.0,112.037
20170331.0,101500.0,112.078
20170331.0,102000.0,112.07
20170331.0,102500.0,112.005
20170331.0,103000.0,112.031
20170331.0,103500.0,112.015
20170331.0,104000.0,112.008
20170331.0,104500.0,112.043
20170331.0,105000.0,111.979
20170331.0,105500.0,112.013
20170331.0,110000.0,112.05
20170331.0,110500.0,112.121
20170331.0,111000.0,112.09
20170331.0,111500.0,112.04
20170331.0,112000.0,112.032
20170331.0,112500.0,112.058
20170331.0,113000.0,112.105
20170331.0,113500.0,112.089
20170331.0,114000.0,112.043
20170331.0,114500.0,112.065
20170331.0,115000.0,112.063
20170331.0,115500.0,112.087
20170331.0,120000.0,112.07
20170331.0,120500.0,112.039
20170331.0,121000.0,112.057
20170331.0,121500.0,112.152
20170331.0,122000.0,112.089
20170331.0,122500.0,112.091
20170331.0,123000.0,112.051
20170331.0,123500.0,112.079
20170331.0,124000.0,112.111
20170331.0,124500.0,112.099
20170331.0,125000.0,112.067
20170331.0,125500.0,112.076
20170331.0,130000.0,112.082
20170331.0,130500.0,112.092
20170331.0,131000.0,112.118
20170331.0,131500.0,112.113
20170331.0,132000.0,112.072
20170331.0,132500.0,112.04
20170331.0,133000.0,112.039
20170331.0,133500.0,112.054
20170331.0,134000.0,112.08
20170331.0,134500.0,112.071
20170331.0,135000.0,112.06
20170331.0,135500.0,112.067
20170331.0,140000.0,112.073
20170331.0,140500.0,112.029
20170331.0,141000.0,112.051
20170331.0,141500.0,112.029
20170331.0,142000.0,111.969
20170331.0,142500.0,111.929
20170331.0,143000.0,111.949
20170331.0,143500.0,111.943
20170331.0,144000.0,111.88
20170331.0,144500.0,111.886
20170331.0,145000.0,111.912
20170331.0,145500.0,111.943
20170331.0,150000.0,111.854
20170331.0,150500.0,111.853
20170331.0,151000.0,111.831
20170331.0,151500.0,111.853
20170331.0,152000.0,111.852
20170331.0,152500.0,111.805
20170331.0,153000.0,111.774
20170331.0,153500.0,111.82
20170331.0,154000.0,111.833
20170331.0,154500.0,111.817
20170331.0,155000.0,111.84
20170331.0,155500.0,111.86
20170331.0,160000.0,111.827
20170331.0,160500.0,111.838
20170331.0,161000.0,111.778
20170331.0,161500.0,111.809
20170331.0,162000.0,111.874
20170331.0,162500.0,111.834
20170331.0,163000.0,111.818
20170331.0,163500.0,111.836
20170331.0,164000.0,111.852
20170331.0,164500.0,111.88
20170331.0,165000.0,111.809
20170331.0,165500.0,111.805
20170331.0,170000.0,111.796
20170331.0,170500.0,111.804
20170331.0,171000.0,111.845
20170331.0,171500.0,111.832
20170331.0,172000.0,111.859
20170331.0,172500.0,111.857
20170331.0,173000.0,111.883
20170331.0,173700.0,111.868
20170331.0,174000.0,111.919
20170331.0,174100.0,111.916
20170331.0,174200.0,111.895
20170331.0,174500.0,111.884
20170331.0,174600.0,111.871
20170331.0,174800.0,111.87
20170331.0,175000.0,111.846
20170331.0,175500.0,111.856
20170331.0,180000.0,111.872
20170331.0,180500.0,111.878
20170331.0,181000.0,111.908
20170331.0,181500.0,111.916
20170331.0,182000.0,111.908
20170331.0,182500.0,111.923
20170331.0,183000.0,111.926
20170331.0,183500.0,111.962
20170331.0,184000.0,111.983
20170331.0,184500.0,111.984
20170331.0,185000.0,112.009
20170331.0,185500.0,111.994
20170331.0,190000.0,111.964
20170331.0,190500.0,111.986
20170331.0,191000.0,111.95
20170331.0,191500.0,111.908
20170331.0,192000.0,111.882
20170331.0,192500.0,111.942
20170331.0,193000.0,111.901
20170331.0,193500.0,111.877
20170331.0,194000.0,111.866
20170331.0,194500.0,111.826
20170331.0,195000.0,111.818
20170331.0,195500.0,111.832
20170331.0,200000.0,111.813
20170331.0,200500.0,111.85
20170331.0,201000.0,111.845
20170331.0,201500.0,111.847
20170331.0,202000.0,111.862
20170331.0,202500.0,111.83
20170331.0,203000.0,111.803
20170331.0,203500.0,111.777
20170331.0,204000.0,111.791
20170331.0,204500.0,111.796
20170331.0,205000.0,111.815
20170331.0,205500.0,111.819
20170331.0,210000.0,111.783
20170331.0,210500.0,111.812
20170331.0,211000.0,111.845
20170331.0,211500.0,111.827
20170331.0,212000.0,111.83
20170331.0,212500.0,111.836
20170331.0,213000.0,111.874
20170331.0,213500.0,111.916
20170331.0,214000.0,111.902
20170331.0,214500.0,111.897
20170331.0,215000.0,111.912
20170331.0,215500.0,111.894
20170331.0,220000.0,111.881
20170331.0,220500.0,111.884
20170331.0,221000.0,111.782
20170331.0,221500.0,111.73
20170331.0,222000.0,111.642
20170331.0,222500.0,111.632
20170331.0,223000.0,111.573
20170331.0,223500.0,111.616
20170331.0,224000.0,111.635
20170331.0,224500.0,111.589
20170331.0,225000.0,111.613
20170331.0,225500.0,111.66
20170331.0,230000.0,111.652
20170331.0,230500.0,111.676
20170331.0,231000.0,111.722
20170331.0,231500.0,111.652
20170331.0,232000.0,111.676
20170331.0,232500.0,111.701
20170331.0,233000.0,111.626
20170331.0,233500.0,111.663
20170331.0,234000.0,111.74
20170331.0,234500.0,111.72
20170331.0,235000.0,111.581
20170331.0,235500.0,111.527
20170402.0,5400.0,111.388
20170403.0,0.0,111.388
20170403.0,500.0,111.388
20170403.0,1100.0,111.388
20170403.0,1500.0,111.388
20170403.0,2000.0,111.388
20170403.0,2500.0,111.388
20170403.0,3000.0,111.388
20170403.0,3500.0,111.388
20170403.0,4000.0,111.388
20170403.0,4500.0,111.388
20170403.0,5000.0,111.388
20170403.0,5500.0,111.388
20170403.0,10000.0,111.388
20170403.0,10500.0,111.388
20170403.0,11000.0,111.388
20170403.0,11500.0,111.388
20170403.0,12000.0,111.388
20170403.0,12500.0,111.388
20170403.0,13000.0,111.388
20170403.0,13500.0,111.388
20170403.0,14000.0,111.388
20170403.0,14500.0,111.388
20170403.0,15000.0,111.388
20170403.0,15500.0,111.388
20170403.0,20000.0,111.388
20170403.0,20500.0,111.388
20170403.0,21000.0,111.388
20170403.0,21500.0,111.388
20170403.0,22000.0,111.388
20170403.0,22500.0,111.388
20170403.0,23000.0,111.388
20170403.0,23500.0,111.388
20170403.0,24000.0,111.388
20170403.0,24500.0,111.388
20170403.0,25000.0,111.388
20170403.0,25500.0,111.388
20170403.0,30000.0,111.388
20170403.0,30500.0,111.388
20170403.0,31000.0,111.388
20170403.0,31500.0,111.388
20170403.0,32000.0,111.388
20170403.0,32500.0,111.388
20170403.0,33000.0,111.388
20170403.0,33500.0,111.388
20170403.0,34000.0,111.388
20170403.0,34500.0,111.388
20170403.0,35000.0,111.388
20170403.0,35500.0,111.388
20170403.0,40000.0,111.388
20170403.0,40500.0,111.388
20170403.0,41000.0,111.388
20170403.0,41500.0,111.388
20170403.0,42000.0,111.388
20170403.0,42500.0,111.388
20170403.0,43000.0,111.388
20170403.0,43500.0,111.388
20170403.0,44000.0,111.388
20170403.0,44500.0,111.388
20170403.0,45000.0,111.388
20170403.0,45500.0,111.388
20170403.0,50000.0,111.388
20170403.0,50500.0,111.388
20170403.0,51000.0,111.388
20170403.0,51500.0,111.388
20170403.0,52000.0,111.388
20170403.0,52500.0,111.388
20170403.0,53000.0,111.388
20170403.0,53500.0,111.388
20170403.0,54000.0,111.388
20170403.0,54500.0,111.388
20170403.0,55000.0,111.388
20170403.0,55500.0,111.388
20170403.0,60000.0,111.444
20170403.0,60500.0,111.402
20170403.0,61000.0,111.428
20170403.0,61500.0,111.359
20170403.0,62000.0,111.359
20170403.0,62500.0,111.364
20170403.0,63000.0,111.393
20170403.0,63500.0,111.392
20170403.0,64000.0,111.395
20170403.0,64500.0,111.371
20170403.0,65000.0,111.383
20170403.0,65500.0,111.389
20170403.0,70000.0,111.428
20170403.0,70500.0,111.475
20170403.0,71000.0,111.46
20170403.0,71500.0,111.422
20170403.0,72000.0,111.392
20170403.0,72500.0,111.39
20170403.0,73000.0,111.39
20170403.0,73500.0,111.374
20170403.0,74000.0,111.333
20170403.0,74500.0,111.344
20170403.0,75000.0,111.343
20170403.0,75500.0,111.355
20170403.0,80000.0,111.326
20170403.0,80500.0,111.321
20170403.0,81000.0,111.338
20170403.0,81500.0,111.361
20170403.0,82000.0,111.346
20170403.0,82500.0,111.325
20170403.0,83000.0,111.319
20170403.0,83500.0,111.332
20170403.0,84000.0,111.35
20170403.0,84500.0,111.345
20170403.0,85000.0,111.271
20170403.0,85500.0,111.275
20170403.0,90000.0,111.276
20170403.0,90500.0,111.269
20170403.0,91000.0,111.195
20170403.0,91500.0,111.209
20170403.0,92000.0,111.156
20170403.0,92500.0,111.168
20170403.0,93000.0,111.211
20170403.0,93500.0,111.186
20170403.0,94000.0,111.207
20170403.0,94500.0,111.247
20170403.0,95000.0,111.258
20170403.0,95500.0,111.313
20170403.0,100000.0,111.3
20170403.0,100500.0,111.311
20170403.0,101000.0,111.298
20170403.0,101500.0,111.309
20170403.0,102000.0,111.332
20170403.0,102500.0,111.334
20170403.0,103000.0,111.333
20170403.0,103500.0,111.287
20170403.0,104000.0,111.301
20170403.0,104500.0,111.342
20170403.0,105000.0,111.337
20170403.0,105500.0,111.381
20170403.0,110000.0,111.371
20170403.0,110500.0,111.383
20170403.0,111000.0,111.364
20170403.0,111500.0,111.36
20170403.0,112000.0,111.35
20170403.0,112500.0,111.359
20170403.0,113000.0,111.335
20170403.0,113500.0,111.327
20170403.0,114000.0,111.341
20170403.0,114500.0,111.33
20170403.0,115000.0,111.356
20170403.0,115500.0,111.352
20170403.0,120000.0,111.355
20170403.0,120500.0,111.365
20170403.0,121000.0,111.383
20170403.0,121500.0,111.331
20170403.0,122000.0,111.291
20170403.0,122500.0,111.306
20170403.0,123000.0,111.317
20170403.0,123500.0,111.31
20170403.0,124000.0,111.282
20170403.0,124500.0,111.255
20170403.0,125000.0,111.246
20170403.0,125500.0,111.272
20170403.0,130000.0,111.265
20170403.0,130500.0,111.292
20170403.0,131000.0,111.335
20170403.0,131500.0,111.33
20170403.0,132000.0,111.335
20170403.0,132500.0,111.364
20170403.0,133000.0,111.368
20170403.0,133500.0,111.364
20170403.0,134000.0,111.356
20170403.0,134500.0,111.331
20170403.0,135000.0,111.37
20170403.0,135500.0,111.372
20170403.0,140000.0,111.338
20170403.0,140500.0,111.359
20170403.0,141000.0,111.379
20170403.0,141500.0,111.369
20170403.0,142000.0,111.395
20170403.0,142500.0,111.446
20170403.0,143000.0,111.45
20170403.0,143500.0,111.427
20170403.0,144000.0,111.41
20170403.0,144500.0,111.409
20170403.0,145000.0,111.377
20170403.0,145500.0,111.395
20170403.0,150000.0,111.373
20170403.0,150500.0,111.444
20170403.0,151000.0,111.493
20170403.0,151500.0,111.494
20170403.0,152000.0,111.487
20170403.0,152500.0,111.503
20170403.0,153000.0,111.505
20170403.0,153500.0,111.483
20170403.0,154000.0,111.48
20170403.0,154500.0,111.541
20170403.0,155000.0,111.568
20170403.0,155500.0,111.526
20170403.0,160000.0,111.535
20170403.0,160500.0,111.541
20170403.0,161000.0,111.493
20170403.0,161500.0,111.466
20170403.0,162000.0,111.44
20170403.0,162500.0,111.46
20170403.0,163000.0,111.46
20170403.0,163500.0,111.46
20170403.0,164000.0,111.415
20170403.0,164500.0,111.417
20170403.0,165000.0,111.447
20170403.0,165500.0,111.457
20170403.0,170000.0,111.429
20170403.0,170500.0,111.44
20170403.0,171000.0,111.457
20170403.0,171500.0,111.421
20170403.0,172000.0,111.431
20170403.0,172500.0,111.419
20170403.0,173000.0,111.413
20170403.0,173500.0,111.373
20170403.0,174000.0,111.312
20170403.0,174500.0,111.344
20170403.0,175000.0,111.343
20170403.0,175500.0,111.345
20170403.0,180000.0,111.346
20170403.0,180500.0,111.326
20170403.0,181500.0,111.288
20170403.0,182000.0,111.287
20170403.0,182500.0,111.297
20170403.0,183000.0,111.285
20170403.0,183500.0,111.307
20170403.0,184000.0,111.309
20170403.0,184500.0,111.35
20170403.0,185000.0,111.318
20170403.0,185500.0,111.341
20170403.0,190000.0,111.365
20170403.0,190500.0,111.365
20170403.0,191000.0,111.393
20170403.0,191500.0,111.39
20170403.0,192000.0,111.395
20170403.0,192500.0,111.39
20170403.0,193000.0,111.446
20170403.0,193500.0,111.463
20170403.0,194000.0,111.488
20170403.0,194500.0,111.48
20170403.0,195000.0,111.467
20170403.0,195500.0,111.443
20170403.0,200000.0,111.44
20170403.0,200500.0,111.442
20170403.0,201000.0,111.453
20170403.0,201500.0,111.44
20170403.0,202000.0,111.485
20170403.0,202500.0,111.462
20170403.0,203000.0,111.423
20170403.0,203500.0,111.413
20170403.0,204000.0,111.426
20170403.0,204500.0,111.474
20170403.0,205000.0,111.448
20170403.0,205500.0,111.434
20170403.0,210000.0,111.391
20170403.0,210500.0,111.324
20170403.0,211000.0,111.29
20170403.0,211500.0,111.287
20170403.0,212000.0,111.279
20170403.0,212500.0,111.297
20170403.0,213000.0,111.278
20170403.0,213500.0,111.301
20170403.0,214000.0,111.295
20170403.0,214500.0,111.323
20170403.0,215000.0,111.33
20170403.0,215500.0,111.327
20170403.0,220000.0,111.362
20170403.0,220500.0,111.336
20170403.0,221000.0,111.35
20170403.0,221500.0,111.368
20170403.0,222000.0,111.383
20170403.0,222500.0,111.398
20170403.0,225500.0,111.366
20170403.0,230000.0,111.394
20170403.0,230500.0,111.345
20170403.0,231000.0,111.244
20170403.0,231500.0,111.221
20170403.0,232000.0,111.213
20170403.0,232500.0,111.201
20170403.0,233000.0,111.192
20170403.0,233500.0,111.181
20170403.0,234000.0,111.148
20170403.0,234500.0,111.075
20170403.0,235000.0,111.062
20170403.0,235500.0,111.033
20170404.0,0.0,110.992
20170404.0,500.0,111.017
20170404.0,1000.0,111.003
20170404.0,1500.0,111.026
20170404.0,2000.0,111.005
20170404.0,2500.0,111.067
20170404.0,3000.0,111.041
20170404.0,3500.0,110.978
20170404.0,4000.0,111.021
20170404.0,4500.0,110.991
20170404.0,5000.0,110.947
20170404.0,5500.0,110.945
20170404.0,10000.0,110.964
20170404.0,10500.0,110.938
20170404.0,11000.0,110.948
20170404.0,11500.0,110.944
20170404.0,12000.0,110.981
20170404.0,12500.0,111.008
20170404.0,13000.0,111.062
20170404.0,13500.0,111.048
20170404.0,14000.0,111.063
20170404.0,14500.0,111.061
20170404.0,15000.0,111.035
20170404.0,15500.0,111.002
20170404.0,20000.0,111.017
20170404.0,20500.0,111.025
20170404.0,21000.0,111.022
20170404.0,21500.0,111.053
20170404.0,22000.0,111.068
20170404.0,22500.0,111.043
20170404.0,23000.0,111.028
20170404.0,23500.0,110.972
20170404.0,24000.0,110.954
20170404.0,24500.0,110.931
20170404.0,25000.0,110.949
20170404.0,25500.0,110.956
20170404.0,30000.0,110.976
20170404.0,30500.0,110.979
20170404.0,31000.0,110.981
20170404.0,31500.0,110.98
20170404.0,32000.0,110.931
20170404.0,32500.0,110.873
20170404.0,33000.0,110.929
20170404.0,33500.0,110.92
20170404.0,34000.0,110.931
20170404.0,34500.0,110.975
20170404.0,35000.0,110.992
20170404.0,35500.0,111.023
20170404.0,40000.0,110.941
20170404.0,40500.0,110.946
20170404.0,41000.0,110.936
20170404.0,41500.0,110.981
20170404.0,42000.0,110.962
20170404.0,42500.0,111.03
20170404.0,43000.0,111.006
20170404.0,43500.0,110.969
20170404.0,44000.0,110.955
20170404.0,44500.0,110.937
20170404.0,45000.0,110.941
20170404.0,45500.0,110.928
20170404.0,50000.0,110.868
20170404.0,50500.0,110.873
20170404.0,51000.0,110.9
20170404.0,51500.0,110.912
20170404.0,52000.0,110.914
20170404.0,52500.0,110.905
20170404.0,53000.0,110.923
20170404.0,53500.0,110.907
20170404.0,54000.0,110.916
20170404.0,54500.0,110.905
20170404.0,55000.0,110.888
20170404.0,55500.0,110.894
20170404.0,60000.0,110.902
20170404.0,60500.0,110.91
20170404.0,61000.0,110.92
20170404.0,61500.0,110.909
20170404.0,62000.0,110.901
20170404.0,62500.0,110.911
20170404.0,63000.0,110.916
20170404.0,63500.0,110.902
20170404.0,64000.0,110.904
20170404.0,64500.0,110.882
20170404.0,65000.0,110.88
20170404.0,65500.0,110.872
20170404.0,70000.0,110.86
20170404.0,70500.0,110.851
20170404.0,71000.0,110.873
20170404.0,71500.0,110.882
20170404.0,72000.0,110.872
20170404.0,72500.0,110.842
20170404.0,73000.0,110.86
20170404.0,73500.0,110.845
20170404.0,74000.0,110.854
20170404.0,74500.0,110.876
20170404.0,75000.0,110.853
20170404.0,75500.0,110.859
20170404.0,80000.0,110.875
20170404.0,80500.0,110.824
20170404.0,81000.0,110.826
20170404.0,81500.0,110.806
20170404.0,82000.0,110.831
20170404.0,82500.0,110.797
20170404.0,83000.0,110.7
20170404.0,83500.0,110.731
20170404.0,84000.0,110.732
20170404.0,84500.0,110.706
20170404.0,85000.0,110.768
20170404.0,85500.0,110.757
20170404.0,90000.0,110.694
20170404.0,90500.0,110.692
20170404.0,91000.0,110.656
20170404.0,91500.0,110.689
20170404.0,92000.0,110.657
20170404.0,92500.0,110.646
20170404.0,93000.0,110.641
20170404.0,93500.0,110.652
20170404.0,94000.0,110.702
20170404.0,94500.0,110.729
20170404.0,95000.0,110.736
20170404.0,95500.0,110.628
20170404.0,100000.0,110.63
20170404.0,100500.0,110.57
20170404.0,101000.0,110.511
20170404.0,101500.0,110.526
20170404.0,102000.0,110.579
20170404.0,102500.0,110.63
20170404.0,103000.0,110.633
20170404.0,103500.0,110.649
20170404.0,104000.0,110.641
20170404.0,104500.0,110.678
20170404.0,105000.0,110.658
20170404.0,105500.0,110.648
20170404.0,110000.0,110.705
20170404.0,110500.0,110.705
20170404.0,111000.0,110.62
20170404.0,111500.0,110.671
20170404.0,112000.0,110.664
20170404.0,112500.0,110.671
20170404.0,113000.0,110.666
20170404.0,113500.0,110.664
20170404.0,114000.0,110.675
20170404.0,114500.0,110.663
20170404.0,115000.0,110.64
20170404.0,115500.0,110.648
20170404.0,120000.0,110.667
20170404.0,120500.0,110.66
20170404.0,121000.0,110.668
20170404.0,121500.0,110.615
20170404.0,122000.0,110.608
20170404.0,122500.0,110.574
20170404.0,123000.0,110.582
20170404.0,123500.0,110.565
20170404.0,124000.0,110.542
20170404.0,124500.0,110.57
20170404.0,125000.0,110.566
20170404.0,125500.0,110.541
20170404.0,130000.0,110.576
20170404.0,130500.0,110.549
20170404.0,131000.0,110.531
20170404.0,131500.0,110.461
20170404.0,132000.0,110.469
20170404.0,132500.0,110.495
20170404.0,133000.0,110.494
20170404.0,133500.0,110.445
20170404.0,134000.0,110.386
20170404.0,134500.0,110.408
20170404.0,135000.0,110.41
20170404.0,135500.0,110.47
20170404.0,140000.0,110.464
20170404.0,140500.0,110.458
20170404.0,141000.0,110.467
20170404.0,141500.0,110.467
20170404.0,142000.0,110.455
20170404.0,142500.0,110.523
20170404.0,143000.0,110.479
20170404.0,143500.0,110.463
20170404.0,144000.0,110.46
20170404.0,144500.0,110.442
20170404.0,145000.0,110.486
20170404.0,145500.0,110.522
20170404.0,150000.0,110.536
20170404.0,150500.0,110.49
20170404.0,151000.0,110.519
20170404.0,151500.0,110.513
20170404.0,152000.0,110.487
20170404.0,152500.0,110.521
20170404.0,153000.0,110.493
20170404.0,153500.0,110.437
20170404.0,154000.0,110.45
20170404.0,154500.0,110.407
20170404.0,155000.0,110.406
20170404.0,155500.0,110.434
20170404.0,160000.0,110.414
20170404.0,160500.0,110.447
20170404.0,161000.0,110.49
20170404.0,161500.0,110.541
20170404.0,162000.0,110.526
20170404.0,162500.0,110.534
20170404.0,163000.0,110.555
20170404.0,163500.0,110.516
20170404.0,164000.0,110.497
20170404.0,164500.0,110.491
20170404.0,165000.0,110.521
20170404.0,165500.0,110.502
20170404.0,170000.0,110.475
20170404.0,170500.0,110.463
20170404.0,171000.0,110.451
20170404.0,171500.0,110.409
20170404.0,172000.0,110.439
20170404.0,172500.0,110.452
20170404.0,173000.0,110.457
20170404.0,173500.0,110.481
20170404.0,174000.0,110.513
20170404.0,174500.0,110.533
20170404.0,175000.0,110.51
20170404.0,175500.0,110.482
20170404.0,180000.0,110.519
20170404.0,180500.0,110.509
20170404.0,181000.0,110.548
20170404.0,181500.0,110.542
20170404.0,182000.0,110.501
20170404.0,182500.0,110.49
20170404.0,183000.0,110.451
20170404.0,183500.0,110.443
20170404.0,184000.0,110.453
20170404.0,184500.0,110.466
20170404.0,185000.0,110.46
20170404.0,185500.0,110.496
20170404.0,190000.0,110.485
20170404.0,190500.0,110.464
20170404.0,191000.0,110.424
20170404.0,191500.0,110.436
20170404.0,192000.0,110.446
20170404.0,192500.0,110.478
20170404.0,193000.0,110.428
20170404.0,193500.0,110.461
20170404.0,194000.0,110.445
20170404.0,194500.0,110.447
20170404.0,195000.0,110.46
20170404.0,195500.0,110.473
20170404.0,200000.0,110.464
20170404.0,200500.0,110.479
20170404.0,201000.0,110.486
20170404.0,201500.0,110.452
20170404.0,202000.0,110.405
20170404.0,202500.0,110.386
20170404.0,203000.0,110.395
20170404.0,203500.0,110.412
20170404.0,204000.0,110.395
20170404.0,204500.0,110.317
20170404.0,205000.0,110.291
20170404.0,205500.0,110.274
20170404.0,210000.0,110.293
20170404.0,210500.0,110.301
20170404.0,211000.0,110.323
20170404.0,211500.0,110.352
20170404.0,212000.0,110.4
20170404.0,212500.0,110.439
20170404.0,213000.0,110.416
20170404.0,213500.0,110.365
20170404.0,214000.0,110.392
20170404.0,214500.0,110.362
20170404.0,215000.0,110.407
20170404.0,215500.0,110.448
20170404.0,220000.0,110.511
20170404.0,220500.0,110.533
20170404.0,221000.0,110.565
20170404.0,221500.0,110.521
20170404.0,222000.0,110.567
20170404.0,222500.0,110.606
20170404.0,223000.0,110.624
20170404.0,223500.0,110.66
20170404.0,224000.0,110.675
20170404.0,224500.0,110.681
20170404.0,225000.0,110.631
20170404.0,225500.0,110.626
20170404.0,230000.0,110.606
20170404.0,230500.0,110.559
20170404.0,231000.0,110.55
20170404.0,231500.0,110.592
20170404.0,232000.0,110.561
20170404.0,232500.0,110.611
20170404.0,233000.0,110.636
20170404.0,233500.0,110.633
20170404.0,234000.0,110.604
20170404.0,234500.0,110.552
20170404.0,235000.0,110.521
20170404.0,235500.0,110.487
20170405.0,0.0,110.524
20170405.0,500.0,110.597
20170405.0,1000.0,110.681
20170405.0,1500.0,110.681
20170405.0,2000.0,110.719
20170405.0,2500.0,110.747
20170405.0,3000.0,110.694
20170405.0,3500.0,110.759
20170405.0,4000.0,110.763
20170405.0,4500.0,110.748
20170405.0,5000.0,110.804
20170405.0,5500.0,110.795
20170405.0,10000.0,110.74
20170405.0,10500.0,110.74
20170405.0,11000.0,110.734
20170405.0,11500.0,110.762
20170405.0,12000.0,110.783
20170405.0,12500.0,110.725
20170405.0,13000.0,110.729
20170405.0,13500.0,110.708
20170405.0,14000.0,110.74
20170405.0,14500.0,110.735
20170405.0,15000.0,110.728
20170405.0,15500.0,110.735
20170405.0,20000.0,110.694
20170405.0,20500.0,110.687
20170405.0,21000.0,110.672
20170405.0,21500.0,110.698
20170405.0,22000.0,110.723
20170405.0,22500.0,110.731
20170405.0,23000.0,110.695
20170405.0,23500.0,110.71
20170405.0,24000.0,110.701
20170405.0,24500.0,110.698
20170405.0,25000.0,110.696
20170405.0,25500.0,110.681
20170405.0,30000.0,110.707
20170405.0,30500.0,110.725
20170405.0,31000.0,110.719
20170405.0,31500.0,110.727
20170405.0,32000.0,110.706
20170405.0,32500.0,110.709
20170405.0,33000.0,110.719
20170405.0,33500.0,110.716
20170405.0,34000.0,110.704
20170405.0,34500.0,110.681
20170405.0,35000.0,110.662
20170405.0,35500.0,110.657
20170405.0,40000.0,110.642
20170405.0,40500.0,110.671
20170405.0,41000.0,110.659
20170405.0,41500.0,110.673
20170405.0,42000.0,110.674
20170405.0,42500.0,110.68
20170405.0,43000.0,110.673
20170405.0,43500.0,110.71
20170405.0,44000.0,110.719
20170405.0,44500.0,110.723
20170405.0,45000.0,110.752
20170405.0,45500.0,110.723
20170405.0,50000.0,110.731
20170405.0,50500.0,110.732
20170405.0,51000.0,110.744
20170405.0,51500.0,110.731
20170405.0,52000.0,110.74
20170405.0,52500.0,110.728
20170405.0,53000.0,110.747
20170405.0,53500.0,110.746
20170405.0,54000.0,110.743
20170405.0,54500.0,110.736
20170405.0,55000.0,110.729
20170405.0,55500.0,110.735
20170405.0,60000.0,110.74
20170405.0,60500.0,110.754
20170405.0,61000.0,110.754
20170405.0,61500.0,110.746
20170405.0,62000.0,110.711
20170405.0,62500.0,110.705
20170405.0,63000.0,110.708
20170405.0,63500.0,110.68
20170405.0,64000.0,110.718
20170405.0,64500.0,110.72
20170405.0,65000.0,110.694
20170405.0,65500.0,110.706
20170405.0,70000.0,110.717
20170405.0,70500.0,110.713
20170405.0,71000.0,110.695
20170405.0,71500.0,110.701
20170405.0,72000.0,110.718
20170405.0,72500.0,110.671
20170405.0,73000.0,110.689
20170405.0,73500.0,110.751
20170405.0,74000.0,110.769
20170405.0,74500.0,110.85
20170405.0,75000.0,110.807
20170405.0,75500.0,110.824
20170405.0,80000.0,110.829
20170405.0,80500.0,110.821
20170405.0,81000.0,110.812
20170405.0,81500.0,110.819
20170405.0,82000.0,110.813
20170405.0,82500.0,110.807
20170405.0,83000.0,110.807
20170405.0,83500.0,110.835
20170405.0,84000.0,110.884
20170405.0,84500.0,110.895
20170405.0,85000.0,110.902
20170405.0,85500.0,110.892
20170405.0,90000.0,110.846
20170405.0,90500.0,110.867
20170405.0,91000.0,110.875
20170405.0,91500.0,110.834
20170405.0,92000.0,110.833
20170405.0,92500.0,110.792
20170405.0,93000.0,110.82
20170405.0,93500.0,110.845
20170405.0,94000.0,110.839
20170405.0,94500.0,110.82
20170405.0,95000.0,110.788
20170405.0,95500.0,110.785
20170405.0,100000.0,110.752
20170405.0,100500.0,110.732
20170405.0,101000.0,110.759
20170405.0,101500.0,110.761
20170405.0,102000.0,110.803
20170405.0,102500.0,110.772
20170405.0,103000.0,110.755
20170405.0,103500.0,110.716
20170405.0,104000.0,110.743
20170405.0,104500.0,110.725
20170405.0,105000.0,110.729
20170405.0,105500.0,110.755
20170405.0,110000.0,110.777
20170405.0,110500.0,110.766
20170405.0,111000.0,110.762
20170405.0,111500.0,110.77
20170405.0,112000.0,110.752
20170405.0,112500.0,110.738
20170405.0,113000.0,110.748
20170405.0,113500.0,110.738
20170405.0,114000.0,110.741
20170405.0,114500.0,110.733
20170405.0,115000.0,110.738
20170405.0,115500.0,110.728
20170405.0,120000.0,110.726
20170405.0,120500.0,110.74
20170405.0,121000.0,110.731
20170405.0,121500.0,110.726
20170405.0,122000.0,110.704
20170405.0,122500.0,110.687
20170405.0,123000.0,110.664
20170405.0,123500.0,110.581
20170405.0,124000.0,110.623
20170405.0,124500.0,110.607
20170405.0,125000.0,110.629
20170405.0,125500.0,110.631
20170405.0,130000.0,110.611
20170405.0,130500.0,110.556
20170405.0,131000.0,110.57
20170405.0,131500.0,110.584
20170405.0,132000.0,110.589
20170405.0,132500.0,110.599
20170405.0,133000.0,110.617
20170405.0,133500.0,110.607
20170405.0,134000.0,110.611
20170405.0,134500.0,110.629
20170405.0,135000.0,110.65
20170405.0,135500.0,110.68
20170405.0,140000.0,110.642
20170405.0,140500.0,110.649
20170405.0,141000.0,110.621
20170405.0,141500.0,110.609
20170405.0,142000.0,110.628
20170405.0,142500.0,110.633
20170405.0,143000.0,110.646
20170405.0,143500.0,110.629
20170405.0,144000.0,110.641
20170405.0,144500.0,110.688
20170405.0,145000.0,110.68
20170405.0,145500.0,110.677
20170405.0,150000.0,110.736
20170405.0,150500.0,110.73
20170405.0,151000.0,110.695
20170405.0,151500.0,110.699
20170405.0,152000.0,110.719
20170405.0,152500.0,110.708
20170405.0,153000.0,110.67
20170405.0,153500.0,110.644
20170405.0,154000.0,110.659
20170405.0,154500.0,110.651
20170405.0,155000.0,110.677
20170405.0,155500.0,110.693
20170405.0,160000.0,110.67
20170405.0,160500.0,110.623
20170405.0,161000.0,110.706
20170405.0,161500.0,110.696
20170405.0,162000.0,110.707
20170405.0,162500.0,110.703
20170405.0,163000.0,110.667
20170405.0,163500.0,110.657
20170405.0,164000.0,110.632
20170405.0,164500.0,110.648
20170405.0,165000.0,110.619
20170405.0,165500.0,110.583
20170405.0,170000.0,110.605
20170405.0,170500.0,110.63
20170405.0,171000.0,110.626
20170405.0,171500.0,110.654
20170405.0,172000.0,110.679
20170405.0,172500.0,110.67
20170405.0,173000.0,110.677
20170405.0,173500.0,110.72
20170405.0,174000.0,110.731
20170405.0,174500.0,110.709
20170405.0,175000.0,110.698
20170405.0,175500.0,110.75
20170405.0,180000.0,110.797
20170405.0,180500.0,110.82
20170405.0,181000.0,110.857
20170405.0,181500.0,110.852
20170405.0,182000.0,110.876
20170405.0,182500.0,110.94
20170405.0,183000.0,110.942
20170405.0,183500.0,110.934
20170405.0,184000.0,110.906
20170405.0,184500.0,110.907
20170405.0,185000.0,110.914
20170405.0,185500.0,110.889
20170405.0,190000.0,110.881
20170405.0,190500.0,110.887
20170405.0,191000.0,110.945
20170405.0,191500.0,110.903
20170405.0,192000.0,110.885
20170405.0,192500.0,110.871
20170405.0,193000.0,110.848
20170405.0,193500.0,110.853
20170405.0,194000.0,110.869
20170405.0,194500.0,110.889
20170405.0,195000.0,110.891
20170405.0,195500.0,110.872
20170405.0,200000.0,110.859
20170405.0,200500.0,110.85
20170405.0,201000.0,110.821
20170405.0,201500.0,110.82
20170405.0,202000.0,110.829
20170405.0,202500.0,110.82
20170405.0,203000.0,110.8
20170405.0,203500.0,110.817
20170405.0,204000.0,110.847
20170405.0,204500.0,110.871
20170405.0,205000.0,110.928
20170405.0,205500.0,110.906
20170405.0,210000.0,110.949
20170405.0,210500.0,110.949
20170405.0,211000.0,110.931
20170405.0,211500.0,110.969
20170405.0,212000.0,111.228
20170405.0,212500.0,111.17
20170405.0,213000.0,111.189
20170405.0,213500.0,111.194
20170405.0,214000.0,111.15
20170405.0,214500.0,111.195
20170405.0,215000.0,111.198
20170405.0,215500.0,111.202
20170405.0,220000.0,111.208
20170405.0,220500.0,111.223
20170405.0,221000.0,111.2
20170405.0,221500.0,111.259
20170405.0,222000.0,111.268
20170405.0,222500.0,111.297
20170405.0,223000.0,111.367
20170405.0,223500.0,111.309
20170405.0,224000.0,111.299
20170405.0,224500.0,111.364
20170405.0,225000.0,111.431
20170405.0,225500.0,111.386
20170405.0,230000.0,111.377
20170405.0,230500.0,111.32
20170405.0,231000.0,111.255
20170405.0,231500.0,111.253
20170405.0,232000.0,111.262
20170405.0,232500.0,111.203
20170405.0,233000.0,111.167
20170405.0,233500.0,111.154
20170405.0,234000.0,111.163
20170405.0,234500.0,111.193
20170405.0,235000.0,111.152
20170406.0,0.0,111.181
20170406.0,0.0,111.182
20170406.0,200.0,111.163
20170406.0,300.0,111.169
20170406.0,400.0,111.158
20170406.0,800.0,111.105
20170406.0,1000.0,111.095
20170406.0,1900.0,111.111
20170406.0,3100.0,111.153
20170406.0,4500.0,111.258
20170406.0,10000.0,111.212
20170406.0,11500.0,111.21
20170406.0,13000.0,111.267
20170406.0,14500.0,111.291
20170406.0,20000.0,111.305
20170406.0,21500.0,111.299
20170406.0,23000.0,111.309
20170406.0,24500.0,111.326
20170406.0,30000.0,111.383
20170406.0,31500.0,111.313
20170406.0,33000.0,111.276
20170406.0,34500.0,111.069
20170406.0,40000.0,110.903
20170406.0,41500.0,110.829
20170406.0,43000.0,110.727
20170406.0,44500.0,110.726
20170406.0,50000.0,110.667
20170406.0,51500.0,110.617
20170406.0,53000.0,110.66
20170406.0,54500.0,110.695
20170406.0,60000.0,110.699
20170406.0,61500.0,110.726
20170406.0,63000.0,110.716
20170406.0,64500.0,110.481
20170406.0,70000.0,110.505
20170406.0,71500.0,110.545
20170406.0,73000.0,110.452
20170406.0,74500.0,110.486
20170406.0,80000.0,110.499
20170406.0,81500.0,110.468
20170406.0,83000.0,110.506
20170406.0,84500.0,110.441
20170406.0,90000.0,110.418
20170406.0,91500.0,110.395
20170406.0,93000.0,110.367
20170406.0,94500.0,110.414
20170406.0,100000.0,110.435
20170406.0,101500.0,110.452
20170406.0,103000.0,110.428
20170406.0,104500.0,110.48
20170406.0,110000.0,110.542
20170406.0,111500.0,110.49
20170406.0,215400.0,110.831
20170406.0,215500.0,110.83
20170406.0,215600.0,110.833
20170406.0,215700.0,110.828
20170406.0,215700.0,110.829
20170406.0,215700.0,110.829
20170406.0,215700.0,110.814
20170406.0,221600.0,110.758
20170406.0,221700.0,110.761
20170406.0,221700.0,110.775
20170406.0,221900.0,110.762
20170406.0,222200.0,110.778
20170406.0,222200.0,110.789
20170406.0,223000.0,110.77
20170406.0,224500.0,110.769
20170406.0,224600.0,110.713
20170406.0,230000.0,110.829
20170406.0,231500.0,110.883
20170406.0,233000.0,110.905
20170406.0,234500.0,110.848
20170407.0,0.0,110.871
20170407.0,1500.0,110.917
20170407.0,3000.0,111.005
20170407.0,4500.0,111.086
20170407.0,10000.0,111.021
20170407.0,11500.0,110.954
20170407.0,13000.0,110.931
20170407.0,14500.0,110.869
20170407.0,20000.0,110.878
20170407.0,21500.0,110.936
20170407.0,23000.0,110.991
20170407.0,80000.0,110.845
20170407.0,81500.0,110.857
20170407.0,83000.0,110.878
20170407.0,84500.0,110.904
20170407.0,90000.0,110.892
20170407.0,91500.0,110.971
20170407.0,93000.0,110.949
20170407.0,94500.0,110.955
20170407.0,100000.0,110.918
20170407.0,101500.0,110.435
20170407.0,103000.0,110.349
20170407.0,104500.0,110.444
20170407.0,110000.0,110.287
20170407.0,111500.0,110.2
20170407.0,113000.0,110.301
20170407.0,114500.0,110.327
20170407.0,120000.0,110.403
